OBJECTID,CTYUA21CD,CTYUA21NM,CTYUA21NMW,BNG_E,BNG_N,LONG,LAT,GlobalID,SHAPE_Length,SHAPE_Area
1,E06000001,Hartlepool, ,447160,531474,-1.27018,54.67614,{EEFB42E0-9979-4303-9917-1D3364982408},70995.7229330668,93717029.9070697
2,E06000002,Middlesbrough, ,451141,516887,-1.21099,54.54467,{B8A77CFA-17EF-4FE7-92A5-68D9533C10D4},44481.4413849518,53881562.628025
3,E06000003,Redcar and Cleveland, ,464361,519597,-1.00608,54.56752,{486A45E7-43F9-4E0A-98FD-DA1E176F8B1D},96704.0315253802,245069509.42357
4,E06000004,Stockton-on-Tees, ,444940,518183,-1.30664,54.556911,{075F3C25-FC99-4B02-8702-3DDFA5CDE250},123408.788095676,204932952.708987
5,E06000005,Darlington, ,428029,515648,-1.56835,54.535339,{5ABD4616-AD3F-492E-92D2-A282AC3B937B},107203.152334417,197477768.128264
6,E06000006,Halton, ,354246,382146,-2.68853,53.33424,{0D7E328B-E1D2-429E-8A17-399A42602C48},77770.9338001437,79084032.6157127
7,E06000007,Warrington, ,362744,388456,-2.5616701,53.391628,{BDDEB809-11BE-47E7-9D1A-BCDD0BF318E0},114690.686845761,180627982.923395
8,E06000008,Blackburn with Darwen, ,369490,422806,-2.4635999,53.700802,{51CA7A3E-94C1-45C7-972D-8DEDB1DF86F2},65284.9523177377,137022079.422086
9,E06000009,Blackpool, ,332819,436635,-3.0219901,53.82164,{2CC3B7F0-A3F0-494A-B7F9-6200D5215797},34483.4799655354,34870886.4500427
10,E06000010,"Kingston upon Hull, City of", ,511894,431650,-0.30382001,53.769199,{78C7161F-AF5A-4C9F-A73A-1CA88F2C4E6D},64681.104078276,71583611.1153285
11,E06000011,East Riding of Yorkshire, ,488056,443597,-0.66194999,53.881119,{83A83FCC-81E9-44B5-A7FB-236A5995E452},504081.639206161,2404771586.81277
12,E06000012,North East Lincolnshire, ,523465,404564,-0.13911,53.52327,{EEB1C788-D7EA-4C5F-8D25-38FD22FAB5C3},93248.4865198867,192622955.911922
13,E06000013,North Lincolnshire, ,497800,410993,-0.52407002,53.58643,{71B6CE2A-112D-4D63-877B-CC7206F7A66A},244547.837491271,846540130.358074
14,E06000014,York, ,460864,452589,-1.07375,53.96582,{A0A62463-2725-4A08-BB2D-FFA1F0BFB7E8},101947.387733639,271931825.229475
15,E06000015,Derby, ,435609,335375,-1.47189,52.914639,{EF386377-6F32-46D6-A129-1725913B08C0},50037.5273504427,78031123.6712438
16,E06000016,Leicester, ,458946,304594,-1.1303999,52.635921,{E6010B87-81AF-47CE-8549-DC00E04A24C2},51931.7073368346,73342071.6979175
17,E06000017,Rutland, ,492992,308655,-0.62629998,52.667648,{A5770E54-6B6C-4641-8920-F17DFF2D315E},125884.932019303,393748906.930668
18,E06000018,Nottingham, ,456082,339969,-1.16667,52.954189,{786D0104-CF96-4509-95AA-E6B52CD4DEE0},58724.0327675763,74613555.3419195
19,E06000019,"Herefordshire, County of", ,349434,242834,-2.73931,52.081539,{107882B5-CA63-4D81-A3D9-417B6634CE2D},349889.259975133,2179709442.72887
20,E06000020,Telford and Wrekin, ,367035,313057,-2.4894099,52.714169,{F8900146-39E6-49CC-A794-AAC47DFCA69F},118779.656757853,290313543.52614
21,E06000021,Stoke-on-Trent, ,389438,346652,-2.15888,53.017071,{97E84285-F721-4561-AD26-F9F8F6E7D910},63974.4506512752,93448482.2059361
22,E06000022,Bath and North East Somerset, ,366217,161999,-2.4865401,51.356041,{E4716FC1-8F8D-4BA7-9812-AF1B92C71C30},141684.569708065,351123212.497847
23,E06000023,"Bristol, City of", ,359990,174846,-2.57742,51.471149,{79507A7B-E091-4F7F-91FB-E6F68662D1C3},108825.701912383,109666791.49649
24,E06000024,North Somerset, ,347614,166718,-2.75438,51.39706,{6C4719C9-982C-4CEF-BD35-66354BED772E},154770.171247745,374637225.937623
25,E06000025,South Gloucestershire, ,367559,183198,-2.4692199,51.54673,{B7177C08-3568-4C5C-BD1B-87B864B9371E},142552.756769388,497050934.271039
26,E06000026,Plymouth, ,249945,58255,-4.1129699,50.404942,{44E81854-5CDA-4A38-AADA-66D8BE15FDCE},92645.2859471131,79849713.8688557
27,E06000027,Torbay, ,289730,64613,-3.5552299,50.470921,{2641ABB1-22CD-4DC3-816C-DB1F69C8BCCE},77910.7009953357,62886694.4637875
28,E06000030,Swindon, ,418551,186564,-1.73367,51.577629,{49F94AE8-ABEB-4406-90EF-0B65089669AF},103014.619569825,230093376.535084
29,E06000031,Peterborough, ,517372,300777,-0.26874,52.59214,{1CC15B7F-DAC7-4D66-98CF-E844E31E95D0},112677.967206289,343378156.971801
30,E06000032,Luton, ,508606,222559,-0.42319,51.891022,{E07622E6-B451-4AA9-9A54-2323A2EF52FF},34569.6026266023,43352491.4351069
31,E06000033,Southend-on-Sea, ,587777,186837,0.70692301,51.549171,{30722AEB-FC89-45FA-9F6A-DD4295905100},57783.2533781421,41673935.680161
32,E06000034,Thurrock, ,562123,181590,0.33486101,51.509979,{8F804DB6-7424-48A4-BF08-1FA233228CEB},115992.128205902,163837050.322348
33,E06000035,Medway, ,578207,175198,0.56317401,51.44772,{6A346DFA-AC8A-481F-9384-CC949CC742A9},249514.824763326,193714249.225409
34,E06000036,Bracknell Forest, ,488169,168792,-0.73363,51.411301,{82598D79-57B4-4913-B51E-367AF842B591},62507.9039338433,109384214.697573
35,E06000037,West Berkshire, ,450575,172095,-1.27364,51.445591,{961AEC44-58FF-4F1F-B380-D2BF9F041415},166801.583097447,704169399.468773
36,E06000038,Reading, ,470226,173154,-0.99071002,51.453018,{336DDFEA-46AC-4DB7-94FB-B6F3CE6A7996},39330.6369676029,40397992.5605403
37,E06000039,Slough, ,498920,179246,-0.57617003,51.503502,{DEC38D90-3207-4298-8D8C-263B37077E37},44181.393234306,32542009.0509408
38,E06000040,Windsor and Maidenhead, ,492079,176541,-0.67540997,51.480339,{FF8A01F9-9540-4A1D-9E39-F41ED42EB6CC},114829.071707676,198427168.80584
39,E06000041,Wokingham, ,476624,169902,-0.89934999,51.422958,{5FBAE92B-38D8-4FBB-9222-8D14F51ACA9D},86865.5899032162,178965482.695848
40,E06000042,Milton Keynes, ,486408,242308,-0.74070001,52.072411,{F6F93031-278A-4F20-B8B0-12AEDC62EFB1},102960.289818815,308626791.318978
41,E06000043,Brighton and Hove, ,530279,106850,-0.15079001,50.8465,{791E4047-A746-452D-A70E-D4829A808C67},59519.3844052792,82832959.1101613
42,E06000044,Portsmouth, ,465619,101352,-1.07006,50.807999,{056462F6-6338-40E8-B2AB-7836ED2AD4B4},62643.7894850186,40389409.3058379
43,E06000045,Southampton, ,442303,113700,-1.39952,50.9212,{BCEAD37A-2F18-4962-8143-7010E95D2D87},61543.9971629534,49880646.9902509
44,E06000046,Isle of Wight, ,447183,85949,-1.33366,50.671291,{AD443AC0-585C-46B3-9128-D592BF3F4410},210138.376351726,379620110.598487
45,E06000047,County Durham, ,410381,532242,-1.8405,54.685131,{BEA3003B-E7C3-4BD0-BABE-B058DA8F20FA},315062.780589158,2231457246.64249
46,E06000049,Cheshire East, ,380510,363462,-2.29299,53.167931,{33A06E49-88DD-40A5-9A6F-A591DE929404},301224.749702642,1166357380.99318
47,E06000050,Cheshire West and Chester, ,353097,363145,-2.70298,53.163361,{6F95A92F-993A-4691-A9E0-DEB52B0673CE},335614.811839088,920018000.248427
48,E06000051,Shropshire, ,350227,302960,-2.73667,52.62212,{B94FC570-C520-4E3A-85D9-4ED1101DBABE},580649.357727211,3197275382.07507
49,E06000052,Cornwall, ,212497,64493,-4.64254,50.450218,{D84F414F-BC53-4B1F-86AC-49A31B830C8B},1241734.32056242,3548939236.52291
50,E06000053,Isles of Scilly, ,91327,11447,-6.3021698,49.923321,{7731E0EE-FB54-4A7A-983D-A8DFB62DDFB6},117979.339046542,16317753.9529278
51,E06000054,Wiltshire, ,405209,158863,-1.92661,51.328831,{C2A6055A-6967-4819-9DD5-E449EDE87042},402006.286759091,3255338119.79805
52,E06000055,Bedford, ,505721,256463,-0.45462999,52.196281,{DA9FAC0F-F4D2-4C00-B999-A99B813F3BB8},131721.083517931,476408301.257796
53,E06000056,Central Bedfordshire, ,504615,234492,-0.47753999,51.999031,{EEA4B631-4FC1-4B91-9FF3-D0146F20B2FB},232692.316778813,715665302.186695
54,E06000057,Northumberland, ,395322,600699,-2.0752299,55.300369,{62E97D01-768F-477B-A620-9B768D949871},605421.993540234,5032268631.47677
55,E06000058,"Bournemouth, Christchurch and Poole", ,410815,94066,-1.84807,50.74609,{48533A21-F5B0-4538-B06B-3F59170FC98C},169171.629784859,162070068.522856
56,E06000059,Dorset, ,370871,99796,-2.41467,50.79697,{F85A47E8-7CDA-4EE9-91C2-A78714E541F3},594357.656718226,2490956587.09001
57,E06000060,Buckinghamshire, ,482506,208561,-0.80568999,51.769661,{3A18DF23-5C2A-43BA-900B-13BB831FD6C6},361852.640717493,1564949149.7613
58,E06000061,North Northamptonshire, ,493590,281718,-0.62503999,52.425461,{60AC3800-B498-4E43-9DFA-3A4F1493334B},210629.486173939,986594568.073101
59,E06000062,West Northamptonshire, ,467187,263879,-1.01682,52.268978,{0A7156B4-A9DF-47E6-ACF7-110A79F5F7D1},263792.053952239,1380395592.61811
60,E08000001,Bolton, ,368352,409873,-2.4795201,53.584492,{E10F32D7-CCA5-4943-9747-A11299DA7B74},82647.1577312723,139792042.62735
61,E08000002,Bury, ,379658,410768,-2.3088,53.593102,{26EA995F-C9B6-4C65-BAD3-A3E6A9B0CE30},68541.6884111012,99460126.878406
62,E08000003,Manchester, ,384591,397063,-2.2335899,53.470089,{D6005858-B414-47F5-8712-5B3B8043685E},86856.399657304,115648368.019407
63,E08000004,Oldham, ,396603,406784,-2.0527401,53.557678,{3D816636-C637-4E2A-8A9D-5E7028D688B4},71165.7204608286,142344917.444295
64,E08000005,Rochdale, ,390315,412326,-2.14784,53.60741,{3D0C63B1-EB2C-422B-A75E-31579A9D5EFA},82713.1445559286,158128175.389535
65,E08000006,Salford, ,374556,398128,-2.38485,53.479271,{3E71DA96-DB2B-484E-89E2-76DD4613F36A},63268.741592138,97197278.4970104
66,E08000007,Stockport, ,391806,388264,-2.12467,53.391159,{415E836D-E03E-472E-BCD9-3EAC4C85D22D},73638.5557808954,126040311.275185
67,E08000008,Tameside, ,394987,397995,-2.0769999,53.478668,{10BFFFB0-CD28-4073-8F64-B31B17339717},55988.976221364,103154292.986139
68,E08000009,Trafford, ,375790,391162,-2.36572,53.41671,{7E26D507-AC7B-4C31-8030-6CA2E47D934A},60718.0872123572,106044612.389867
69,E08000010,Wigan, ,362136,402126,-2.5724699,53.51445,{BE298861-5986-4712-903F-8373DBDD61BC},88690.3858142558,188171012.467799
70,E08000011,Knowsley, ,344762,393778,-2.8329699,53.437881,{97548289-6F27-4FD9-AAF0-894725BE9C9B},68167.3691636953,86500060.7557361
71,E08000012,Liverpool, ,339361,390553,-2.91364,53.408298,{C0FC281A-7615-43D3-9ED8-3FBC307C342B},62699.7487831678,111835572.36201
72,E08000013,St. Helens, ,353412,395992,-2.7031,53.458618,{69AE77BC-0CB3-4833-B86E-88AE5291F0C7},76386.889589881,136358793.482882
73,E08000014,Sefton, ,334282,398832,-2.99177,53.482101,{FB092DB3-2E45-4DE7-90DC-4118CAAB4B56},130345.752802741,156578243.92381
74,E08000015,Wirral, ,329110,386965,-3.0670099,53.374779,{1C5B10E9-A918-4BB9-98D8-F203E185F62C},133924.408539141,160922013.989637
75,E08000016,Barnsley, ,429979,403327,-1.54925,53.525768,{F25013A7-CEFA-435C-83F1-EB78C16F0699},126421.141156487,329077594.503711
76,E08000017,Doncaster, ,459167,403735,-1.10894,53.52697,{592486A8-7F51-457D-8550-66853B247B68},171114.48848027,568006405.286511
77,E08000018,Rotherham, ,447542,388980,-1.28651,53.395531,{1F33E975-9534-4647-8A5C-A52F91DACA41},106151.90384443,286534366.876585
78,E08000019,Sheffield, ,430511,389736,-1.54254,53.40358,{44395D44-5B66-450A-9BAD-B54904A30980},132837.066229986,367930013.451283
79,E08000021,Newcastle upon Tyne, ,422287,569661,-1.65297,55.021,{AEC1CA29-015A-4D92-8BB6-C683A75C53AA},65224.1224978586,113446877.564819
80,E08000022,North Tyneside, ,431471,570602,-1.50923,55.028961,{65CFE702-8C79-48B5-BF58-09F69938DF55},65347.6718882176,82311584.9263394
81,E08000023,South Tyneside, ,435514,564057,-1.44679,54.969879,{0DDF42F7-37A7-4973-A6DA-36C3FA6472BF},51335.2667794196,64420348.6388854
82,E08000024,Sunderland, ,436470,551524,-1.43344,54.857189,{A9467211-04BA-4E45-8137-753D24DA0FEE},99824.6252634884,137436258.072006
83,E08000025,Birmingham, ,408150,287352,-1.88141,52.484039,{2E113B6C-E0AB-4D8E-A550-A97E8F69F4D4},106260.619497994,267791058.7982
84,E08000026,Coventry, ,432807,279689,-1.51908,52.41423,{ECCBCC36-4688-48AC-8708-52DBBFAE1A0D},54057.1910587664,98639060.6570548
85,E08000027,Dudley, ,393191,288584,-2.1017101,52.495129,{CD57237E-17EE-4D6A-BE08-B238A7915024},75382.2802756355,97958243.3410325
86,E08000028,Sandwell, ,399573,290764,-2.00771,52.514771,{6509AE03-4863-4C9A-8A26-1558A9D3379E},59211.0011310175,85558927.8995642
87,E08000029,Solihull, ,419434,281483,-1.71558,52.431,{2E693C0E-43FF-4862-A5B7-D25F0254D115},101031.275128473,178282117.055431
88,E08000030,Walsall, ,402098,300804,-1.97044,52.60503,{2F84E85D-A527-4EE1-AFF0-11F48BB2A3DF},59401.1794285966,103973538.346297
89,E08000031,Wolverhampton, ,391463,300016,-2.12746,52.597881,{51105DEE-168E-45C9-93EA-670526B27AA4},56054.7886611398,69436709.4774898
90,E08000032,Bradford, ,408395,438626,-1.87389,53.843819,{7B34C3C1-C2BA-429F-B338-22BAAC6A8342},135920.365236872,366419745.436529
91,E08000033,Calderdale, ,402617,424896,-1.96182,53.720482,{5D026EE0-846C-4E41-98EA-343700A88D07},107687.187293662,363960992.684863
92,E08000034,Kirklees, ,414586,416223,-1.7808501,53.64233,{7E3A7BBD-3DA5-49FC-8627-E9471CA6D0EC},125668.277769938,408551660.797515
93,E08000035,Leeds, ,432528,436384,-1.50736,53.822731,{08EBE36D-F86A-46FE-BB67-F10136C01D63},161521.735517059,551706535.832653
94,E08000036,Wakefield, ,438366,418235,-1.42092,53.659222,{C328DAD4-A003-48DE-8387-FB62E449738B},109447.28637914,338619733.848031
95,E08000037,Gateshead, ,420159,559652,-1.68694,54.931149,{A712C260-14BE-4A40-A645-89A16DDF2976},89794.0623720492,142354807.58406
96,E09000001,City of London, ,532382,181358,-0.093510002,51.51564,{B220796C-5A53-44B7-A9BE-0FB650B33E60},9404.60040928951,2889678.8227915
97,E09000002,Barking and Dagenham, ,547757,185111,0.12947901,51.545551,{340829E3-4447-45E3-B5CE-EF5BA3BB75CD},40903.0061195045,36101367.4379851
98,E09000003,Barnet, ,523473,191752,-0.21819,51.611069,{36C5A782-16F4-49DE-B5A5-1246A822B01C},50937.7781770676,86766703.236342
99,E09000004,Bexley, ,549202,175434,0.146212,51.458221,{B8891250-6925-4665-B9A0-EEDF9D1F4A0D},47959.4902384452,60578408.3854902
100,E09000005,Brent, ,519615,186465,-0.27568001,51.564381,{F2424D90-A972-481F-93E8-853BD38328B7},38441.4621103205,43236364.4997335
101,E09000006,Bromley, ,542036,165707,0.039246,51.372662,{F186DBD5-46C3-4345-A0F1-E0246CB85EA9},76225.7196547586,150132482.603206
102,E09000007,Camden, ,527491,184283,-0.16291,51.543049,{FCD1C1D9-2B83-44DA-BC0A-ACBE68166CA7},26245.739181562,21778579.6560004
103,E09000008,Croydon, ,533922,164744,-0.077610001,51.365971,{22A1873A-29A3-4F49-AB58-738804B381C2},58721.1957720401,86488720.6605294
104,E09000009,Ealing, ,517055,181959,-0.3141,51.524422,{9FB3851A-387F-4459-B5BF-7CE312404AC1},47461.4174836169,55542068.9728746
105,E09000010,Enfield, ,532831,196198,-0.081440002,51.648891,{0506E146-1F0E-4161-B603-7B83E4DD4865},41091.4717649011,82190329.6982779
106,E09000011,Greenwich, ,542507,175878,0.050092999,51.46394,{A80FEC06-A6E1-4EBE-9D3F-8C95CC7FC783},47635.2867733161,47311233.3829883
107,E09000012,Hackney, ,534560,185787,-0.060449999,51.55492,{30673214-DC76-4EEA-A875-B773B26B6509},25441.8544430666,19043878.1759467
108,E09000013,Hammersmith and Fulham, ,523867,177993,-0.21735001,51.487331,{A0E67461-BF53-43DA-B20F-D029242F11D5},24008.09587154,16403288.6433932
109,E09000014,Haringey, ,531260,189349,-0.1067,51.587711,{B9811EE2-FB7F-4EA6-9909-38B6E18BE0AC},29085.5089573245,29606188.7568539
110,E09000015,Harrow, ,515359,189736,-0.33598,51.594669,{DCCCAF8A-6052-4CA3-94FC-196B9135321E},33811.7912858702,50464270.393498
111,E09000016,Havering, ,555032,187514,0.235368,51.565189,{A10CF939-0395-45FF-9887-B06AE1E7789A},63722.7137240531,112343558.252949
112,E09000017,Hillingdon, ,508166,183121,-0.44182,51.53664,{690D6672-D46E-4207-A90B-F1C59906E6B8},63941.0212862205,115704359.838712
113,E09000018,Hounslow, ,512737,174959,-0.37854999,51.462379,{ADAFF02D-D4BF-4D9C-8D8D-66022B93BF79},64533.8036505847,55962868.5597138
114,E09000019,Islington, ,531160,184645,-0.10989,51.54546,{69FDD403-37AF-4FCC-A1A8-656ABD93C473},20747.7400804081,14858041.7197012
115,E09000020,Kensington and Chelsea, ,525756,179058,-0.18977,51.496479,{8484AD77-53A9-45DF-B5EB-014B273D413C},21062.9409676591,12123771.9001363
116,E09000021,Kingston upon Thames, ,519508,167389,-0.28367001,51.39296,{BC7F2083-928F-465B-8E09-27239FFA73E7},37549.9217180313,37259416.9781001
117,E09000022,Lambeth, ,531118,175629,-0.11385,51.464451,{D3B53D89-CE1B-4B3F-AE94-F450734407BA},34048.7120363001,26807014.529104
118,E09000023,Lewisham, ,537888,173343,-0.017340001,51.442299,{874CBF67-7BA9-4EC4-9119-AC1140611E1D},41214.8903254514,35146120.5136567
119,E09000024,Merton, ,526068,169508,-0.18867999,51.41058,{BC5BF876-D338-4270-859E-CD202CA283E3},32439.5336737713,37624038.2781569
120,E09000025,Newham, ,540713,183346,0.027261,51.53149,{44DA17FA-171D-436A-AA83-B827D709300C},35876.144941093,36195900.4259154
121,E09000026,Redbridge, ,543512,189477,0.070084997,51.58588,{EEA11752-EC7E-4555-B3F8-65BC23E09ABC},50492.9387840991,56397395.0135452
122,E09000027,Richmond upon Thames, ,519005,172650,-0.28913999,51.44035,{20CCC5B6-8778-4B65-98CE-37D7016B3B9F},68932.8489734004,57392803.7217089
123,E09000028,Southwark, ,533945,175869,-0.073080003,51.465939,{037D37C6-8AF6-444B-B328-995FCA1A6BD3},34596.3421579807,28877697.1057426
124,E09000029,Sutton, ,527357,163639,-0.17226,51.357552,{20739B8F-506F-442B-8900-25208512C6AC},39927.9157122329,43847690.3314867
125,E09000030,Tower Hamlets, ,536340,181452,-0.03647,51.515541,{3ECB343E-DABB-45B9-942F-60F7B9BA61B2},28755.006273148,19770868.2223352
126,E09000031,Waltham Forest, ,537328,190278,-0.0188,51.594608,{F059E4DB-6F73-44D0-94DC-108F891C15D3},33346.5752711046,38810231.0116404
127,E09000032,Wandsworth, ,525152,174138,-0.20021001,51.4524,{49BCA700-5172-4921-821A-26BBBE8F4019},38839.8585877928,34261867.3389499
128,E09000033,Westminster, ,528268,180871,-0.15295,51.512211,{F6805696-D0A5-42E1-8AEB-14A32C83E8A3},27534.1316680137,21482611.197782
129,E10000003,Cambridgeshire, ,520312,273864,-0.23506001,52.349659,{BCAE110B-CD58-45C4-A761-0A557369F9B7},507388.953431793,3052514925.75621
130,E10000006,Cumbria, ,341868,527180,-2.9021299,54.636379,{FA02D038-DB88-4590-A3EE-8388D97D9B9D},1026705.11709392,6823534649.83516
131,E10000007,Derbyshire, ,426752,353556,-1.6021,53.078579,{2B691475-0505-454C-9F1E-F40C5E29403B},469089.428127803,2550760412.93864
132,E10000008,Devon, ,283143,93085,-3.65698,50.725578,{68BAA643-191D-4133-B97E-EC0D64F0218E},1115285.32642735,6566736281.25625
133,E10000011,East Sussex, ,564123,117996,0.33455899,50.938049,{B9417668-52D0-442E-B429-D13A612D1A79},353073.166368483,1712766558.25108
134,E10000012,Essex, ,575270,215407,0.54105997,51.809818,{21C13349-1169-42D9-B99D-C8D359E3186A},1736668.27861225,3465997071.41738
135,E10000013,Gloucestershire, ,389595,213465,-2.1523499,51.81971,{C61A0309-3603-4A2B-8C75-C80C0FC8E0DD},535353.007418561,2652532055.96021
136,E10000014,Hampshire, ,452859,127536,-1.24735,51.044739,{D04A6DE2-68EB-4D02-B30B-EBE675ECE796},787493.635790857,3678348783.41125
137,E10000015,Hertfordshire, ,518883,213642,-0.27699,51.808788,{7D01068C-9724-44A4-BEBC-0F4D1AB8B210},302890.887989407,1643064814.89589
138,E10000016,Kent, ,590249,147268,0.72136998,51.192951,{EBA27F83-0033-4AF6-BFDA-F578156A97D9},781668.062502508,3545511143.99486
139,E10000017,Lancashire, ,369784,440758,-2.4609101,53.86216,{D218E358-719B-427D-93CC-8A284D55EEEB},1002709.13460477,2895188128.13103
140,E10000018,Leicestershire, ,442147,310191,-1.3779,52.68779,{E75B5B1C-42F9-4F98-AB1C-D095B9F4310F},378750.775011572,2083789164.42211
141,E10000019,Lincolnshire, ,517984,358539,-0.23884,53.111019,{4AF49B77-E990-4CC8-9C3D-38E8C8177642},1307185.83317911,5937337363.91745
142,E10000020,Norfolk, ,600549,312292,0.96471399,52.67123,{ACDDB540-0907-4B40-B286-B5D278B20948},1501232.12139023,5385165856.61106
143,E10000023,North Yorkshire, ,429509,466515,-1.55032,54.093712,{D84DABF5-A993-4053-B80F-67B4121700C1},872342.187340133,8039968731.14166
144,E10000024,Nottinghamshire, ,466570,359496,-1.00656,53.128502,{C156293E-85EC-430A-AAEB-F83B51B2E023},387060.690784745,2084710843.9494
145,E10000025,Oxfordshire, ,448985,208334,-1.29146,51.771549,{0856EEE1-0124-4F9A-A5CE-122A509D2F55},413240.805080243,2605947801.32946
146,E10000027,Somerset, ,309300,131077,-3.2959499,51.071819,{47F10355-F339-42C0-9DB1-EF0B18454052},543692.46394215,3451783932.17045
147,E10000028,Staffordshire, ,398243,334651,-2.02756,52.909302,{FE1FE197-2934-4C50-8004-70E054459204},502017.19911707,2623316410.33526
148,E10000029,Suffolk, ,608219,266120,1.04919,52.253849,{EE668828-D121-44FD-B01A-C4AABEC29B56},866909.503116998,3801362366.30825
149,E10000030,Surrey, ,515966,153408,-0.33910999,51.268028,{CF9F80E3-F531-4893-A3BA-AE7BB1C266F5},273588.118021314,1670072911.60444
150,E10000031,Warwickshire, ,429584,253588,-1.56874,52.179771,{7A7466A1-9521-4AB6-B8D2-3DBD7B3D3DFE},397520.257346002,1977520458.21365
151,E10000032,West Sussex, ,508316,118010,-0.45932999,50.95134,{4AC33722-0C4A-411E-A251-8929936F6829},547206.492412159,1991051356.08154
152,E10000034,Worcestershire, ,385792,257203,-2.2093501,52.212872,{FBEC438A-1252-42B4-8D52-721AB8F5E21C},372990.279702503,1740514192.03121
153,N09000001,Antrim and Newtownabbey, ,130813,541285,-6.1775999,54.693859,{4CD85D3C-2D9F-4797-8C4F-8E6D3E47ADDA},165144.796009216,728186553.535986
154,N09000002,"Armagh City, Banbridge and Craigavon", ,112110,508158,-6.4345498,54.3867,{B7BB67D0-9E3B-44AF-905B-37C208D0698A},243056.187545035,1437068552.81537
155,N09000003,Belfast, ,146465,529747,-5.9253502,54.59853,{0AD9C8C6-28B1-499D-8E9B-92C876F83D6F},65908.1975172844,137716630.153006
156,N09000004,Causeway Coast and Glens, ,106168,581420,-6.5995998,55.039619,{95DC2524-C4D9-4ABB-BF70-6AD8B4D47A4E},381749.493068117,1985534511.66811
157,N09000005,Derry City and Strabane, ,51779,559566,-7.42064,54.80904,{E0A48B57-9A31-4D1F-B8B2-BC81DC178FCC},271488.90820484,1251241562.61086
158,N09000006,Fermanagh and Omagh, ,41233,513013,-7.5271001,54.385208,{CE240CB3-A7A0-41A6-8CE2-8E316FD8D128},426624.028390531,3012114877.30683
159,N09000007,Lisburn and Castlereagh, ,138712,518920,-6.03545,54.49752,{7FBFE20C-9477-4A1E-9A5B-276933702C0E},167382.91602123,510438068.179163
160,N09000008,Mid and East Antrim, ,133943,560151,-6.14645,54.86462,{E8B27254-4C47-4BD4-A920-795E6C1C8E2E},234862.589304514,1061355466.9921
161,N09000009,Mid Ulster, ,83920,528564,-6.8888998,54.552731,{9939D47A-CA60-430D-A339-CD9A7855E196},318433.1847641,1957293802.17552
162,N09000010,"Newry, Mourne and Down", ,133006,480432,-6.0889101,54.149529,{6FE8E8BF-6CBA-42AE-B2CE-1C5724435AAE},380092.259434885,1682340590.08843
163,N09000011,Ards and North Down, ,164321,524944,-5.64568,54.564091,{DC00B2DC-F0CC-4160-BBEA-8C12D0A1FD8F},204687.660819204,566472955.047846
164,S12000005,Clackmannanshire, ,291178,696402,-3.75316,56.147839,{244B23BD-391A-4C3C-996D-AF79077BF01D},96934.5372320526,159185046.780161
165,S12000006,Dumfries and Galloway, ,270645,579856,-4.0286298,55.09621,{AD53FE1E-B620-4C4C-A4BF-447EFFB5E115},1207100.79655475,6436566764.09709
166,S12000008,East Ayrshire, ,255398,624935,-4.2905698,55.496738,{F80513E0-32A3-4773-A83D-37E917C8EAD2},340964.440963998,1270342032.2148
167,S12000010,East Lothian, ,354854,672351,-2.72435,55.94207,{6C9AF409-BC80-49B5-865C-31B66FB909EA},202128.87265825,679240892.618404
168,S12000011,East Renfrewshire, ,251929,653115,-4.3606,55.74868,{0E09272F-AAC5-489C-92AF-C29AA44C5E2F},93882.4298837804,174249494.081675
169,S12000013,Na h-Eileanan Siar, ,126473,932862,-6.6572199,58.199379,{C1B3CB4E-AAF6-410F-9446-897C2E3FD519},3871068.33882015,3096614749.11111
170,S12000014,Falkirk, ,285585,680168,-3.83619,56.000751,{E5030D37-D96F-4C22-8269-713720D042DB},169062.826125422,297127560.139272
171,S12000017,Highland, ,241018,858292,-4.6610298,57.586571,{825D22C6-2F75-4C11-8228-25B66619435A},5228313.52755521,26158744575.5182
172,S12000018,Inverclyde, ,227922,670894,-4.75387,55.900299,{E6A9EF5B-9270-4FFB-93D2-DA330902CF8C},79292.1188586133,161948856.608221
173,S12000019,Midlothian, ,330088,659217,-3.1173799,55.82111,{EA96D7BD-93DA-404F-A172-C54723F97EA7},126470.990462398,355271578.326523
174,S12000020,Moray, ,328015,843590,-3.2020199,57.476799,{F4CE2FBB-65D6-47C0-9BC0-2432D811B771},463278.21810875,2237554237.4717
175,S12000021,North Ayrshire, ,228996,651640,-4.7245998,55.72789,{797B42C9-81B9-46D0-8106-540C11DD97C1},350167.481325773,885284942.954869
176,S12000023,Orkney Islands, ,348293,1006584,-2.90025,58.94334,{19DBFFB0-4A92-4722-B208-8160CE5F3327},1203117.00914491,1015036193.374
177,S12000026,Scottish Borders, ,345889,626137,-2.85869,55.525951,{62344082-A741-4B2C-A437-231AF163C498},514330.561763588,4739167854.45028
178,S12000027,Shetland Islands, ,434516,1180307,-1.37344,60.504951,{88185B49-3E34-4B47-90B7-1072CDF8C04A},2321876.1601024,1468514416.84475
179,S12000028,South Ayrshire, ,226545,596271,-4.7289901,55.23008,{07733E45-A3B0-41B3-9ABC-7A3F8E5998D4},334722.079696844,1224369285.16605
180,S12000029,South Lanarkshire, ,284634,636071,-3.83272,55.60453,{5466EF70-E914-473F-BB6E-3C6C06BDBCF8},284527.322494954,1773897195.3437
181,S12000030,Stirling, ,255980,708769,-4.3259501,56.249531,{24270AD4-93E9-4CC9-B86B-5D4CBCE87E0C},374946.182274352,2252533429.02213
182,S12000033,Aberdeen City, ,387763,808479,-2.20398,57.166969,{5486AE69-2866-47F5-A649-0C7C2841C0FE},123490.692834601,185566198.962722
183,S12000034,Aberdeenshire, ,352284,816277,-2.7920799,57.234692,{A3D1C82D-4C5D-482C-BCBF-826403BC2413},795104.459048158,6318011418.76714
184,S12000035,Argyll and Bute, ,200740,715443,-5.2211399,56.28944,{ADC2CC63-758E-4F05-889D-7E1F9229F9C8},3795946.11257702,7005854069.48816
185,S12000036,City of Edinburgh, ,320193,669417,-3.27826,55.911201,{0776615A-3601-419B-A941-202620757835},110339.006536691,263390596.412176
186,S12000038,Renfrewshire, ,239305,664698,-4.5683398,55.848621,{243F42C4-FB34-4E5B-BCB9-27D38741B2C3},131636.108048526,261487693.123717
187,S12000039,West Dunbartonshire, ,242904,681586,-4.52074,56.0014,{636795E9-5604-4395-AC9A-A3002B490EF2},103696.856598265,177320342.664825
188,S12000040,West Lothian, ,299483,668514,-3.6090901,55.8992,{7A8AA723-5EDD-4447-8DF6-FB8F927AECF8},134896.994739104,428772888.98765
189,S12000041,Angus, ,345506,759636,-2.8921001,56.725182,{E19E9531-2AF1-4EE5-B38A-443C549D3B29},328926.663947585,2184982991.10124
190,S12000042,Dundee City, ,340291,732145,-2.9709499,56.4776,{105896EF-7951-4451-B049-3A3B9B3BB718},47831.2210168885,59800691.0851123
191,S12000045,East Dunbartonshire, ,261240,676154,-4.2241702,55.95829,{E68AF42B-7306-49A1-96BB-EB3E4381412F},99602.3601592653,174489023.422349
192,S12000047,Fife, ,339187,704721,-2.9825101,56.231121,{590C60DD-EEFC-48ED-9FBF-BAE4BBED3B39},358326.920220926,1325190177.81807
193,S12000048,Perth and Kinross, ,284302,744185,-3.88484,56.575279,{CBF13A1B-B7DB-4EED-80AD-C5B1F48AF6F7},633252.328522911,5383770897.17152
194,S12000049,Glasgow City, ,261534,667033,-4.2147899,55.876492,{046ACCA6-6418-43E0-9926-AC8183D851CE},135582.99800793,174621293.706873
195,S12000050,North Lanarkshire, ,277984,665608,-3.9514,55.868141,{A42E1242-AB0C-4433-99CA-FF0D5FA9C26E},163984.671595743,472309075.162361
196,W06000001,Isle of Anglesey,Ynys Môn,245217,378331,-4.3229799,53.279308,{ABAC625D-C793-45CA-8FCB-8B4EE616396C},378962.153549842,715212566.823742
197,W06000002,Gwynedd,Gwynedd,280555,334966,-3.7771499,52.89883,{35190567-ECE3-426A-9EF5-B95BBC6C7BC1},643031.186078294,2548293001.49182
198,W06000003,Conwy,Conwy,283293,362563,-3.74646,53.147388,{A670EAED-689A-4972-AA36-234648063F38},283264.262204981,1130178952.57124
199,W06000004,Denbighshire,Sir Ddinbych,309843,355416,-3.34761,53.088329,{75A5948C-6266-48D7-91EC-5246B55B1B42},228754.688991225,838716186.145463
200,W06000005,Flintshire,Sir y Fflint,321134,369280,-3.1824801,53.21471,{279F2B69-0587-4FA0-9881-5DED67224247},239008.264926853,439830286.776266
201,W06000006,Wrexham,Wrecsam,333523,345387,-2.9920299,53.001671,{55E56DA7-DE03-4362-8B48-8C46835DD514},190040.487574015,503773487.93262
202,W06000008,Ceredigion,Ceredigion,267127,268437,-3.94993,52.297951,{9CB0DE12-52A2-49EF-9F75-720C7E3C0EC9},382134.551623007,1788379278.2018
203,W06000009,Pembrokeshire,Sir Benfro,199821,221392,-4.9081802,51.855129,{568B79D8-7008-4D97-9E79-6B820E6CFA8B},743271.4116769,1618344602.56812
204,W06000010,Carmarthenshire,Sir Gaerfyrddin,247954,224133,-4.2111001,51.894951,{930207F3-FE46-45FB-AA08-D9F978CDE6BB},591758.358208379,2371104004.24184
205,W06000011,Swansea,Abertawe,264022,197308,-3.9672301,51.658058,{F16D8104-2CD1-4C31-AA04-509324A8B0C4},270826.91229845,377614559.601041
206,W06000012,Neath Port Talbot,Castell-nedd Port Talbot,279261,195412,-3.7463801,51.644501,{24116DC8-272E-437B-B9AB-213A81FB5D69},182189.873896437,442272615.121089
207,W06000013,Bridgend,Pen-y-bont ar Ogwr,288231,185870,-3.61375,51.5606,{3F06E6C5-FBEA-4EC8-9C25-501D61CCF420},93192.1892347876,250785304.379961
208,W06000014,Vale of Glamorgan,Bro Morgannwg,302947,173080,-3.39801,51.44836,{2EC33666-D810-41F1-AC4C-25DBF432AFA5},108403.096935855,331261393.923654
209,W06000015,Cardiff,Caerdydd,315272,178887,-3.22209,51.502541,{5127F28D-4F50-4A53-9F02-51DDE8465A48},79618.4229383757,142303624.581364
210,W06000016,Rhondda Cynon Taf,Rhondda Cynon Taf,302237,192395,-3.41359,51.621849,{6CF3FD07-FCCD-4DA8-8BE4-8197FDD57F66},130240.624602837,424150424.955384
211,W06000018,Caerphilly,Caerffili,317245,195259,-3.19753,51.650009,{B83BC8DF-C68B-46A5-8221-56B42D27D000},116205.600666614,277387820.795293
212,W06000019,Blaenau Gwent,Blaenau Gwent,318236,206771,-3.18592,51.753639,{AE48D449-372E-42A4-9D9E-3782A91B94E3},65601.6744409078,108728048.165286
213,W06000020,Torfaen,Torfaen,327459,200480,-3.0510099,51.69836,{1676E8DC-5F56-4280-975F-6F06A60908DC},82544.7709799912,126239927.8676
214,W06000021,Monmouthshire,Sir Fynwy,337812,209231,-2.9028001,51.778271,{A10F76C1-34D5-4AA4-A10B-82A68F164260},224917.242780518,850326621.679468
215,W06000022,Newport,Casnewydd,337897,187432,-2.8976901,51.58231,{D8AF4AAF-8506-49FB-804D-357F82B95143},153216.300044047,190431130.834864
216,W06000023,Powys,Powys,302329,273255,-3.4353099,52.34864,{7B024706-BF36-4FAD-AC1F-55D2799FC5C4},610121.315602944,5195311014.48908
217,W06000024,Merthyr Tydfil,Merthyr Tudful,305916,206424,-3.3642499,51.748581,{CE277933-1DBC-4E68-8967-4F6E5F69FFDF},66696.8154449643,111957012.020428
